Entry,Quant Rating,Symbol,StockPrice,Annualized,Strike,Exp,Income,Chance,Bid,Ask,OpenInterest,Volume,Collateral,DaysHeld,PercentProfit
2021-05-09,?,AACQ,9.92,211.53,22.5,2021-08-20,1330.0,?,12.6,14,258,516,2250.0,102,59.11
2021-05-09,?,ADVM,3.69,95.53,10,2022-01-21,669.9999999999999,?,6.6,6.8,506,280,1000,256,67.0
2021-05-09,?,ALDX,12.05,28.08,10,2021-06-18,30.000000000000004,?,0.2,0.4,1916,1531,1000,39,3.0
2021-05-09,?,ALLT,17.92,17.31,15,2021-09-17,92.5,?,0.8,1.05,4403,551,1500,130,6.17
2021-05-09,?,ALT,12.93,370.1,22,2021-06-18,869.9999999999999,?,8.3,9.1,336,324,2200,39,39.55
2021-05-09,?,AMRN,4.54,27.8,3,2021-12-17,50.5,?,0.23,0.78,729,300,300,221,16.83
2021-05-09,?,AMRN,4.54,17.11,3,2022-01-21,36.0,?,0.29,0.43,6814,301,300,256,12.0
2021-05-09,?,AMRN,4.54,83.05,10,2022-01-21,582.5,?,5.65,6.0,12418,350,1000,256,58.25
2021-05-09,?,AMRS,11.41,98.04,11,2021-05-21,32.5,?,0.25,0.4,1132,348,1100,11,2.95
2021-05-09,?,ARVL,17.95,180.13,17.5,2021-05-21,95.0,?,0.85,1.05,2490,1010,1750.0,11,5.43
2021-05-09,?,ASYS,10.0,19.08,7.5,2021-08-20,40.0,?,0.1,0.7000000000000001,268,253,750.0,102,5.33
2021-05-09,?,AVDL,7.88,24.33,7.5,2021-09-17,64.99999999999999,?,0.15,1.15,378,331,750.0,130,8.67
2021-05-09,?,AXDX,7.3,2123.64,20,2021-05-21,1280.0,?,11.7,13.9,444,342,2000,11,64.0
2021-05-09,?,AXDX,7.3,228.12,20,2021-08-20,1275.0,?,10.8,14.7,750,342,2000,102,63.75
2021-05-09,?,BCRX,12.92,82.98,25,2022-01-21,1455.0,?,13.3,15.8,501,871,2500,256,58.2
2021-05-09,?,BGCP,5.63,20.67,5,2022-01-21,72.50000000000001,?,0.65,0.8,8255,1545,500,256,14.5
2021-05-09,?,BLDP,15.15,116.14,15,2021-05-21,52.5,?,0.5,0.55,830,562,1500,11,3.5
2021-05-09,?,BNFT,13.73,309.7,15,2021-05-21,140.0,?,1.25,1.55,16818,334,1500,11,9.33
2021-05-09,?,BNFT,13.73,51.29,15,2021-08-20,215.0,?,2.05,2.25,1316,1900,1500,102,14.33
2021-05-09,?,CAN,11.61,121.11,10,2021-05-21,36.5,?,0.34,0.39,3906,440,1000,11,3.65
2021-05-09,?,CAPR,3.41,134.77,5,2021-09-17,240.0,?,2.15,2.65,454,357,500,130,48.0
2021-05-09,?,CBAY,4.07,23.76,3,2022-01-21,50.0,?,0,1,1710,1608,300,256,16.67
2021-05-09,?,CD,13.97,32.15,2.5,2021-11-19,42.5,?,0,0.85,420,280,250.0,193,17.0
2021-05-09,?,CDXC,8.58,11.35,2.5,2021-11-19,15.000000000000002,?,0,0.30000000000000004,390,386,250.0,193,6.0
2021-05-09,?,CERS,5.96,16.1,5,2021-08-20,22.500000000000004,?,0.15,0.30000000000000004,2125,510,500,102,4.5
2021-05-09,?,CGEN,7.44,111.18,12.5,2021-09-17,495.0,?,3.9,6,523,502,1250.0,130,39.6
2021-05-09,?,CLNE,9.79,248.86,9,2021-05-21,67.5,?,0.65,0.7000000000000001,2324,579,900,11,7.5
2021-05-09,?,CLNE,9.79,456.25,10,2021-05-21,137.5,?,1.35,1.4,2334,321,1000,11,13.75
2021-05-09,?,CLNE,9.79,132.49,16,2021-09-17,755.0000000000001,?,7.4,7.7,911,734,1600,130,47.19
2021-05-09,?,CLSK,18.23,132.73,17.5,2021-05-21,70.0,?,0.6000000000000001,0.8,1956,275,1750.0,11,4.0
2021-05-09,?,CNDT,7.31,132.73,7.5,2021-05-21,30.000000000000004,?,0.25,0.35000000000000003,680,364,750.0,11,4.0
2021-05-09,?,CNDT,7.31,11.48,5.0,2023-01-20,97.50000000000001,?,0.9,1.05,559,400,500.0,620,19.5
2021-05-09,?,CODX,8.12,1526.36,15,2021-05-21,690.0,?,5.3,8.5,370,400,1500,11,46.0
2021-05-09,?,CVGI,12.56,8.26,7.5,2021-12-17,37.5,?,0.25,0.5,3268,3464,750.0,221,5.0
2021-05-09,?,DENN,17.6,42.77,5,2022-01-21,150.0,?,0,3,251,294,500,256,30.0
2021-05-09,?,DGLY,1.7,10.3,1,2023-01-20,17.5,?,0,0.35000000000000003,1182,411,100,620,17.5
2021-05-09,?,DOYU,8.46,161.44,10,2021-06-18,172.5,?,1.55,1.9,363,521,1000,39,17.25
2021-05-09,?,EPZM,6.81,1088.36,12.5,2021-05-21,409.99999999999994,?,3.5,4.7,659,610,1250.0,11,32.8
2021-05-09,?,EPZM,6.81,58.15,10.0,2021-11-19,307.5,?,2.75,3.4,540,517,1000.0,193,30.75
2021-05-09,?,ERIC,13.69,31.71,14,2021-07-16,81.5,?,0.73,0.9,950,280,1400,67,5.82
2021-05-09,?,ERIC,13.69,13.64,17,2023-01-20,394.0,?,1.53,6.35,1119,594,1700,620,23.18
2021-05-09,?,EXPC,9.01,489.43,10,2021-05-21,147.5,?,1.35,1.6,2008,726,1000,11,14.75
2021-05-09,?,FCEL,7.93,387.81,8.0,2021-05-14,34.0,?,0.32,0.36,484,1013,800.0,4,4.25
2021-05-09,?,FCEL,7.93,638.75,8.5,2021-05-14,59.5,?,0.59,0.6000000000000001,2371,311,850.0,4,7.0
2021-05-09,?,FCEL,7.93,215.68,8.0,2021-05-21,52.0,?,0.51,0.53,1653,844,800.0,11,6.5
2021-05-09,?,FCEL,7.93,312.3,8.5,2021-05-21,80.0,?,0.79,0.81,443,506,850.0,11,9.41
2021-05-09,?,FCEL,7.93,425.83,9.0,2021-05-21,115.5,?,1.1400000000000001,1.17,2466,317,900.0,11,12.83
2021-05-09,?,FCEL,7.93,179.9,9.0,2021-06-18,173.0,?,1.71,1.75,1173,273,900.0,39,19.22
2021-05-09,?,FEYE,19.08,64.11,20,2021-06-18,137.0,?,1.34,1.4,5339,377,2000,39,6.85
2021-05-09,?,FEYE,19.08,22.67,20,2022-01-21,318.0,?,2.81,3.55,3199,411,2000,256,15.9
2021-05-09,?,FEYE,19.08,12.51,20,2023-01-20,425.0,?,4.05,4.45,1416,1005,2000,620,21.25
2021-05-09,?,FLEX,18.23,28.6,18,2021-06-18,55.00000000000001,?,0.5,0.6000000000000001,602,500,1800,39,3.06
2021-05-09,?,FNHC,4.06,36.33,5,2021-12-17,110.00000000000001,?,1.05,1.15,1531,308,500,221,22.0
2021-05-09,?,FULT,17.58,28.08,17.5,2021-06-18,52.5,?,0,1.05,496,256,1750.0,39,3.0
2021-05-09,?,GENE,3.76,41.29,2.5,2021-12-17,62.5,?,0.45,0.8,497,523,250.0,221,25.0
2021-05-09,?,GNOG,12.88,132.73,12.5,2021-05-21,50.0,?,0.45,0.55,3122,270,1250.0,11,4.0
2021-05-09,?,GOGO,10.68,113.12,11,2021-05-21,37.5,?,0.35000000000000003,0.4,1952,344,1100,11,3.41
2021-05-09,?,GOGO,10.68,5.7,5,2022-01-21,20.0,?,0.15,0.25,13028,2084,500,256,4.0
2021-05-09,?,GPRO,10.44,225.95,10.5,2021-05-14,26.0,?,0.22,0.30000000000000004,425,344,1050.0,4,2.48
2021-05-09,?,GPRO,10.44,423.07,11.0,2021-05-14,51.0,?,0.48,0.54,731,335,1100.0,4,4.64
2021-05-09,?,GPRO,10.44,214.17,11.0,2021-05-21,71.0,?,0.6900000000000001,0.73,685,487,1100.0,11,6.45
2021-05-09,?,GSKY,6.51,36.12,7.5,2022-01-21,190.0,?,1.8,2,570,534,750.0,256,25.33
2021-05-09,?,HEPA,1.6,146.0,2.5,2021-09-17,129.99999999999997,?,1.2,1.4,2118,250,250.0,130,52.0
2021-05-09,?,HGEN,19.36,1260.91,30,2021-05-21,1140.0,?,11,11.8,4516,1500,3000,11,38.0
2021-05-09,?,HIMX,12.86,219.0,12.5,2021-05-14,30.000000000000004,?,0.25,0.35000000000000003,450,332,1250.0,4,2.4
2021-05-09,?,HIMX,12.86,82.95,12.0,2021-05-21,30.000000000000004,?,0.25,0.35000000000000003,10736,288,1200.0,11,2.5
2021-05-09,?,HIMX,12.86,64.78,30.0,2022-04-14,1805.0,?,17.8,18.3,340,250,3000.0,339,60.17
2021-05-09,?,HRTX,16.63,235.04,12,2021-05-21,85.0,?,0.2,1.5,274,818,1200,11,7.08
2021-05-09,?,HST,17.58,13.42,17,2022-01-21,160.0,?,1.45,1.75,607,424,1700,256,9.41
2021-05-09,?,HST,17.58,11.97,15,2023-01-20,305.0,?,1.5,4.6,650,800,1500,620,20.33
2021-05-09,?,ICAD,17.32,12.63,10.0,2021-09-17,45.0,?,0.25,0.65,1052,250,1000.0,130,4.5
2021-05-09,?,ICAD,17.32,49.34,17.5,2021-09-17,307.5,?,2.65,3.5,642,250,1750.0,130,17.57
2021-05-09,?,IMVT,16.76,17.71,7.5,2021-10-15,57.49999999999999,?,0.30000000000000004,0.85,481,427,750.0,158,7.67
2021-05-09,?,INO,6.85,329.9,6.5,2021-05-14,23.5,?,0.23,0.24,399,650,650.0,4,3.62
2021-05-09,?,INO,6.85,191.43,6.5,2021-05-21,37.5,?,0.37,0.38,1327,266,650.0,11,5.77
2021-05-09,?,IQ,13.74,316.12,14.0,2021-05-14,48.5,?,0.31,0.66,2608,281,1400.0,4,3.46
2021-05-09,?,IQ,13.74,130.17,13.0,2021-05-21,51.0,?,0.5,0.52,773,393,1300.0,11,3.92
2021-05-09,?,IQ,13.74,176.97,13.5,2021-05-21,72.0,?,0.71,0.73,1259,422,1350.0,11,5.33
2021-05-09,?,IQ,13.74,233.46,14.0,2021-05-21,98.50000000000001,?,0.9400000000000001,1.03,2744,1251,1400.0,11,7.04
2021-05-09,?,IQ,13.74,374.95,15.0,2021-05-21,169.5,?,1.6400000000000001,1.75,10259,263,1500.0,11,11.3
2021-05-09,?,IQ,13.74,48.67,12.5,2021-06-18,65.0,?,0.62,0.68,13935,2896,1250.0,39,5.2
2021-05-09,?,IQ,13.74,37.92,12.5,2021-07-16,87.00000000000001,?,0.8300000000000001,0.91,495,1821,1250.0,67,6.96
2021-05-09,?,IQ,13.74,30.77,12.5,2021-09-17,137.0,?,1.31,1.43,4260,3848,1250.0,130,10.96
2021-05-09,?,IQ,13.74,7.98,5.0,2022-01-21,28.000000000000004,?,0.25,0.31,65462,5007,500.0,256,5.6
2021-05-09,?,IQ,13.74,16.75,10.0,2022-01-21,117.49999999999999,?,1.15,1.2,14777,719,1000.0,256,11.75
2021-05-09,?,IQ,13.74,23.61,12.5,2022-01-21,207.00000000000003,?,1.96,2.18,22956,1450,1250.0,256,16.56
2021-05-09,?,JBLU,19.56,12.04,17,2022-01-21,143.5,?,1.26,1.6099999999999999,2060,1229,1700,256,8.44
2021-05-09,?,JBLU,19.56,2.17,8,2023-01-20,29.5,?,0.11,0.48,292,300,800,620,3.69
2021-05-09,?,JBLU,19.56,6.46,15,2023-01-20,164.5,?,1.49,1.8,4271,1478,1500,620,10.97
2021-05-09,?,LI,18.26,74.17,17.0,2021-05-21,38.0,?,0.37,0.39,1497,1021,1700.0,11,2.24
2021-05-09,?,LI,18.26,137.34,18.0,2021-05-21,74.5,?,0.73,0.76,1597,1188,1800.0,11,4.14
2021-05-09,?,LI,18.26,14.9,13.0,2021-09-17,69.0,?,0.5700000000000001,0.81,632,265,1300.0,130,5.31
2021-05-09,?,LI,18.26,9.12,10.0,2022-01-21,64.0,?,0.53,0.75,20404,1501,1000.0,256,6.4
2021-05-09,?,LI,18.26,14.83,12.5,2022-01-21,129.99999999999997,?,1.2,1.4,959,503,1250.0,256,10.4
2021-05-09,?,LI,18.26,5.3,5.0,2023-01-20,45.0,?,0.13,0.77,2012,2000,500.0,620,9.0
2021-05-09,?,LI,18.26,18.84,17.5,2023-01-20,560.0,?,5.4,5.8,2622,546,1750.0,620,32.0
2021-05-09,?,LX,8.23,14.18,5,2021-11-19,37.5,?,0.25,0.5,1011,1090,500,193,7.5
2021-05-09,?,MACK,6.62,77.21,7,2021-09-17,192.5,?,1.5,2.35,326,318,700,130,27.5
2021-05-09,?,MAXN,16.49,38.54,15,2021-12-17,350.0,?,3.3,3.7,354,347,1500,221,23.33
2021-05-09,?,MDRX,16.23,11.53,14,2021-09-17,57.49999999999999,?,0.5,0.65,2511,2511,1400,130,4.11
2021-05-09,?,MGI,8.03,82.95,7,2021-05-21,17.5,?,0.15,0.2,2807,3769,700,11,2.5
2021-05-09,?,MGI,8.03,53.48,7,2021-06-18,40.0,?,0.35000000000000003,0.45,361,644,700,39,5.71
2021-05-09,?,MGI,8.03,70.45,8,2021-08-20,157.50000000000003,?,1.3,1.85,291,288,800,102,19.69
2021-05-09,?,MLCO,18.21,73.74,18,2021-05-21,40.0,?,0.35000000000000003,0.45,18437,1210,1800,11,2.22
2021-05-09,?,MOMO,14.37,21.02,12.5,2021-06-04,18.0,?,0.13,0.23,7226,3900,1250.0,25,1.44
2021-05-09,?,MVIS,14.1,74.66,10,2021-05-21,22.5,?,0.2,0.25,14204,1580,1000,11,2.25
2021-05-09,?,MVIS,14.1,128.2,11,2021-05-21,42.50000000000001,?,0.4,0.45,6564,524,1100,11,3.86
2021-05-09,?,MVIS,14.1,200.47,12,2021-05-21,72.50000000000001,?,0.7000000000000001,0.75,15278,2576,1200,11,6.04
2021-05-09,?,MVIS,14.1,280.77,13,2021-05-21,110.00000000000001,?,1.05,1.15,14575,1469,1300,11,8.46
2021-05-09,?,MVIS,14.1,391.07,14,2021-05-21,165.0,?,1.6,1.7000000000000002,6606,3385,1400,11,11.79
2021-05-09,?,MVIS,14.1,508.79,15,2021-05-21,229.99999999999997,?,2.25,2.35,10082,897,1500,11,15.33
2021-05-09,?,MVIS,14.1,632.53,16,2021-05-21,305.0,?,3.0,3.1,4530,367,1600,11,19.06
2021-05-09,?,MVIS,14.1,33.42,7,2021-06-18,25.0,?,0.2,0.30000000000000004,812,438,700,39,3.57
2021-05-09,?,MVIS,14.1,230.85,15,2021-06-18,370.0,?,3.6,3.8,1060,258,1500,39,24.67
2021-05-09,?,MVIS,14.1,449.23,25,2021-06-18,1200.0,?,11.9,12.1,573,1001,2500,39,48.0
2021-05-09,?,MVIS,14.1,85.8,10,2021-07-16,157.5,?,1.5,1.65,6987,1015,1000,67,15.75
2021-05-09,?,MVIS,14.1,132.0,13,2021-07-16,315.0,?,3.0,3.3,3231,543,1300,67,24.23
2021-05-09,?,MVIS,14.1,94.92,35,2022-01-21,2330.0,?,23.1,23.5,697,831,3500,256,66.57
2021-05-09,?,NBLX,15.3,8.95,10,2021-08-20,25.0,?,0,0.5,502,250,1000,102,2.5
2021-05-09,?,NEPT,1.31,1161.36,2,2021-05-21,70.0,?,0.65,0.75,1202,403,200,11,35.0
2021-05-09,?,NKLA,11.5,164.25,10.0,2021-05-14,18.0,?,0.16,0.2,1602,3090,1000.0,4,1.8
2021-05-09,?,NKLA,11.5,256.37,10.5,2021-05-14,29.500000000000004,?,0.27,0.32,772,1103,1050.0,4,2.81
2021-05-09,?,NKLA,11.5,377.44,11.0,2021-05-14,45.5,?,0.44,0.47000000000000003,563,4923,1100.0,4,4.14
2021-05-09,?,NKLA,11.5,503.86,11.5,2021-05-14,63.5,?,0.59,0.68,902,1944,1150.0,4,5.52
2021-05-09,?,NKLA,11.5,710.99,12.0,2021-05-14,93.5,?,0.89,0.98,684,1083,1200.0,4,7.79
2021-05-09,?,NKLA,11.5,930.75,12.5,2021-05-14,127.49999999999999,?,1.2,1.35,988,460,1250.0,4,10.2
2021-05-09,?,NKLA,11.5,114.48,10.0,2021-05-21,34.5,?,0.34,0.35000000000000003,10254,9500,1000.0,11,3.45
2021-05-09,?,NKLA,11.5,151.69,10.5,2021-05-21,48.0,?,0.45,0.51,2098,550,1050.0,11,4.57
2021-05-09,?,NKLA,11.5,203.62,11.0,2021-05-21,67.5,?,0.65,0.7000000000000001,2546,884,1100.0,11,6.14
2021-05-09,?,NKLA,11.5,258.24,11.5,2021-05-21,89.5,?,0.85,0.9400000000000001,655,284,1150.0,11,7.78
2021-05-09,?,NKLA,11.5,329.05,12.0,2021-05-21,119.0,?,1.1400000000000001,1.24,2435,509,1200.0,11,9.92
2021-05-09,?,NKLA,11.5,403.49,12.5,2021-05-21,152.0,?,1.47,1.57,12345,300,1250.0,11,12.16
2021-05-09,?,NKLA,11.5,138.7,11.0,2021-06-04,104.5,?,1.0,1.09,653,640,1100.0,25,9.5
2021-05-09,?,NKLA,11.5,31.2,7.5,2021-06-18,25.0,?,0.21,0.29,4320,860,750.0,39,3.33
2021-05-09,?,NKLA,11.5,83.29,10.0,2021-06-18,89.0,?,0.85,0.93,5851,2041,1000.0,39,8.9
2021-05-09,?,NKLA,11.5,112.31,11.0,2021-06-18,132.0,?,1.23,1.4100000000000001,27415,1456,1100.0,39,12.0
2021-05-09,?,NKLA,11.5,44.41,9.0,2021-10-15,173.0,?,1.6600000000000001,1.8,730,1018,900.0,158,19.22
2021-05-09,?,NKLA,11.5,86.24,15.0,2021-10-15,560.0,?,5.45,5.75,3591,264,1500.0,158,37.33
2021-05-09,?,NKLA,11.5,29.28,7.5,2022-01-21,154.0,?,1.46,1.62,3814,2432,750.0,256,20.53
2021-05-09,?,NKLA,11.5,105.06,40.0,2022-01-21,2947.5,?,29.2,29.75,869,558,4000.0,256,73.69
2021-05-09,?,NMRD,8.56,342.88,7.5,2021-05-21,77.5,?,0.7000000000000001,0.85,5598,3028,750.0,11,10.33
2021-05-09,?,NMTR,1.17,98.41,1,2021-08-20,27.500000000000004,?,0.25,0.30000000000000004,8323,360,100,102,27.5
2021-05-09,?,NYMT,4.51,13.98,2,2023-01-20,47.5,?,0,0.9500000000000001,1403,412,200,620,23.75
2021-05-09,?,OMER,17.75,17.11,5,2022-01-21,60.0,?,0,1.2,666,342,500,256,12.0
2021-05-09,?,ONB,19.5,62.0,20,2021-06-18,132.5,?,1.25,1.4,352,368,2000,39,6.62
2021-05-09,?,OPK,3.8,501.88,4,2021-05-14,22.000000000000004,?,0.17,0.27,554,551,400,4,5.5
2021-05-09,?,OPK,3.8,253.01,4,2021-05-21,30.500000000000004,?,0.26,0.35000000000000003,1614,434,400,11,7.63
2021-05-09,?,OPK,3.8,106.46,4,2021-06-18,45.5,?,0.30000000000000004,0.61,1698,268,400,39,11.38
2021-05-09,?,OPK,3.8,52.64,4,2021-09-17,75.0,?,0.72,0.78,916,645,400,130,18.75
2021-05-09,?,ORTX,5.46,851.67,7.5,2021-05-21,192.5,?,1.6,2.25,567,400,750.0,11,25.67
2021-05-09,?,OSUR,9.86,32.34,7.5,2021-10-15,105.0,?,0.9500000000000001,1.15,766,280,750.0,158,14.0
2021-05-09,?,PAGP,9.71,24.95,10,2022-01-21,175.0,?,1.55,1.9500000000000002,672,411,1000,256,17.5
2021-05-09,?,PGEN,6.54,17.82,4,2022-01-21,50.0,?,0.4,0.6000000000000001,1108,812,400,256,12.5
2021-05-09,?,PRTK,7.34,44.92,7.5,2021-09-17,120.00000000000001,?,1.05,1.35,1562,385,750.0,130,16.0
2021-05-09,?,PSEC,8.16,16.55,8,2021-11-19,70.0,?,0.6000000000000001,0.8,700,460,800,193,8.75
2021-05-09,?,PSEC,8.16,29.94,9,2021-11-19,142.5,?,1.35,1.5,334,671,900,193,15.83
2021-05-09,?,QRTEA,13.7,9.81,7.5,2021-07-16,13.5,?,0.03,0.24,1529,1002,750.0,67,1.8
2021-05-09,?,REKR,18.91,194.35,17.5,2021-05-21,102.49999999999999,?,0.9,1.15,834,432,1750.0,11,5.86
2021-05-09,?,REKR,18.91,20.28,7.5,2021-08-20,42.50000000000001,?,0.2,0.65,3404,1500,750.0,102,5.67
2021-05-09,?,REKR,18.91,47.05,20.0,2022-01-21,660.0,?,6.4,6.8,1139,360,2000.0,256,33.0
2021-05-09,?,RIDE,7.99,456.25,8,2021-05-14,40.0,?,0.38,0.42,349,363,800,4,5.0
2021-05-09,?,RIGL,3.38,110.61,3,2021-05-21,10.0,?,0.05,0.15,1546,976,300,11,3.33
2021-05-09,?,RKDA,2.6,103.22,5,2021-12-17,312.5,?,2.95,3.3,337,272,500,221,62.5
2021-05-09,?,RMBS,19.36,14.16,12,2021-08-20,47.5,?,0.05,0.9,453,321,1200,102,3.96
2021-05-09,?,SABR,12.97,114.86,13,2021-05-21,45.0,?,0.41000000000000003,0.49,1182,263,1300,11,3.46
2021-05-09,?,SABR,12.97,30.03,12,2021-06-18,38.5,?,0.37,0.4,30973,3221,1200,39,3.21
2021-05-09,?,SABR,12.97,12.19,10,2022-01-21,85.5,?,0.77,0.9400000000000001,9326,2010,1000,256,8.55
2021-05-09,?,SABR,12.97,53.82,20,2022-01-21,755.0000000000001,?,7.4,7.7,278,250,2000,256,37.75
2021-05-09,?,SABR,12.97,3.24,3,2023-01-20,16.5,?,0.1,0.23,2580,1120,300,620,5.5
2021-05-09,?,SDC,8.38,105.77,8,2021-05-21,25.5,?,0.24,0.27,739,429,800,11,3.19
2021-05-09,?,SDC,8.38,307.85,9,2021-05-21,83.5,?,0.81,0.86,2943,425,900,11,9.28
2021-05-09,?,SPKE,10.18,58.49,10,2021-06-18,62.5,?,0.6000000000000001,0.65,5198,338,1000,39,6.25
2021-05-09,?,SSSS,14.85,98.67,17.5,2021-09-17,615.0,?,4.3,8,1097,750,1750.0,130,35.14
2021-05-09,?,STAY,19.75,3.32,9.65,2022-01-21,22.5,?,0.0,0.45,6850,3184,965.0,256,2.33
2021-05-09,?,STAY,19.75,0.62,16.65,2023-01-20,17.5,?,0.05,0.30000000000000004,1132,300,1664.9999999999998,620,1.05
2021-05-09,?,TELL,2.18,123.09,15,2022-01-21,1295.0,?,12.7,13.2,901,1000,1500,256,86.33
2021-05-09,?,TLMD,7.81,8.95,5,2021-08-20,12.5,?,0.05,0.2,2375,875,500,102,2.5
2021-05-09,?,TLRY,16.18,350.28,15.5,2021-05-14,59.5,?,0.59,0.6000000000000001,880,1814,1550.0,4,3.84
2021-05-09,?,TLRY,16.18,473.36,16.0,2021-05-14,83.0,?,0.8,0.86,691,2310,1600.0,4,5.19
2021-05-09,?,TLRY,16.18,622.16,16.5,2021-05-14,112.5,?,1.09,1.16,588,2012,1650.0,4,6.82
2021-05-09,?,TLRY,16.18,780.99,17.0,2021-05-14,145.5,?,1.4100000000000001,1.5,1580,1238,1700.0,4,8.56
2021-05-09,?,TLRY,16.18,951.61,17.5,2021-05-14,182.50000000000003,?,1.78,1.87,814,826,1750.0,4,10.43
2021-05-09,?,TLRY,16.18,1125.42,18.0,2021-05-14,221.99999999999997,?,2.18,2.26,680,405,1800.0,4,12.33
2021-05-09,?,TLRY,16.18,66.36,13.5,2021-05-21,27.0,?,0.25,0.29,396,2010,1350.0,11,2.0
2021-05-09,?,TLRY,16.18,91.25,14.0,2021-05-21,38.5,?,0.37,0.4,2887,689,1400.0,11,2.75
2021-05-09,?,TLRY,16.18,157.06,15.0,2021-05-21,71.0,?,0.68,0.74,2312,882,1500.0,11,4.73
2021-05-09,?,TLRY,16.18,199.09,15.5,2021-05-21,93.0,?,0.9,0.96,3028,457,1550.0,11,6.0
2021-05-09,?,TLRY,16.18,245.75,16.0,2021-05-21,118.5,?,1.15,1.22,1880,1005,1600.0,11,7.41
2021-05-09,?,TLRY,16.18,293.61,16.5,2021-05-21,146.0,?,1.44,1.48,574,540,1650.0,11,8.85
2021-05-09,?,TLRY,16.18,350.36,17.0,2021-05-21,179.5,?,1.75,1.8399999999999999,1898,403,1700.0,11,10.56
2021-05-09,?,TLRY,16.18,408.61,17.5,2021-05-21,215.50000000000003,?,2.11,2.2,622,286,1750.0,11,12.31
2021-05-09,?,TLRY,16.18,46.79,13.0,2021-05-28,30.000000000000004,?,0.27,0.33,258,319,1300.0,18,2.31
2021-05-09,?,TLRY,16.18,80.39,14.0,2021-05-28,55.49999999999999,?,0.52,0.59,256,375,1400.0,18,3.96
2021-05-09,?,TLRY,16.18,46.07,13.0,2021-06-18,64.0,?,0.63,0.65,2348,647,1300.0,39,4.92
2021-05-09,?,TLRY,16.18,63.17,14.0,2021-06-18,94.5,?,0.89,1.0,2173,335,1400.0,39,6.75
2021-05-09,?,TLRY,16.18,87.66,15.0,2021-06-18,140.49999999999997,?,1.38,1.43,5172,1089,1500.0,39,9.37
2021-05-09,?,TLRY,16.18,113.19,16.0,2021-06-18,193.5,?,1.92,1.9500000000000002,2254,3763,1600.0,39,12.09
2021-05-09,?,TLRY,16.18,139.83,17.0,2021-06-18,254.0,?,2.5,2.58,1249,267,1700.0,39,14.94
2021-05-09,?,TLRY,16.18,168.98,18.0,2021-06-18,325.0,?,3.2,3.3,3974,316,1800.0,39,18.06
2021-05-09,?,TLRY,16.18,168.11,40.0,2021-09-17,2395.0000000000005,?,22.35,25.55,4698,3040,4000.0,130,59.88
2021-05-09,?,TLRY,16.18,9.41,7.5,2022-01-21,49.5,?,0.43,0.56,1874,337,750.0,256,6.6
2021-05-09,?,TRVN,1.63,28.7,2,2023-01-20,97.50000000000001,?,0,1.9500000000000002,550,500,200,620,48.75
2021-05-09,?,TTCF,17.37,208.57,17.5,2021-05-21,110.00000000000001,?,1.05,1.15,4373,328,1750.0,11,6.29
2021-05-09,?,TTMI,15.09,13.76,15,2021-12-17,125.0,?,1.1,1.4,434,576,1500,221,8.33
2021-05-09,?,UXIN,2.83,525.38,3,2021-05-21,47.5,?,0.45,0.5,2074,324,300,11,15.83
2021-05-09,?,VBIV,2.78,56.01,3.5,2022-01-21,137.5,?,1.25,1.5,3041,3157,350.0,256,39.29
2021-05-09,?,VG,13.11,44.46,10,2021-06-18,47.5,?,0.4,0.55,1778,717,1000,39,4.75
2021-05-09,?,VIAV,16.36,19.05,14,2021-09-17,95.0,?,0.2,1.7000000000000002,4500,4500,1400,130,6.79
2021-05-09,?,VLDR,11.81,70.19,10,2021-06-18,75.0,?,0.7000000000000001,0.8,5046,521,1000,39,7.5
2021-05-09,?,VNOM,18.93,12.48,15,2021-06-18,20.0,?,0.1,0.30000000000000004,495,333,1500,39,1.33
2021-05-09,?,VNOM,18.93,7.02,12,2021-09-17,30.000000000000004,?,0.25,0.35000000000000003,627,600,1200,130,2.5
2021-05-09,?,VUZI,18.82,406.48,20,2021-05-21,245.00000000000003,?,2.35,2.55,2845,336,2000,11,12.25
2021-05-09,?,VXRT,7.2,351.96,7.0,2021-05-14,27.0,?,0.2,0.34,757,455,700.0,4,3.86
2021-05-09,?,VXRT,7.2,1089.3,8.0,2021-05-14,95.5,?,0.88,1.03,589,432,800.0,4,11.94
2021-05-09,?,VXRT,7.2,201.64,6.5,2021-05-21,39.5,?,0.37,0.42,439,294,650.0,11,6.08
2021-05-09,?,VXRT,7.2,286.79,7.0,2021-05-21,60.5,?,0.56,0.65,1694,586,700.0,11,8.64
2021-05-09,?,VXRT,7.2,549.57,8.0,2021-05-21,132.5,?,1.22,1.43,659,505,800.0,11,16.56
2021-05-09,?,VXRT,7.2,145.64,7.5,2021-07-16,200.5,?,2.0,2.01,2485,464,750.0,67,26.73
2021-05-09,?,VXRT,7.2,215.19,10.0,2021-07-16,395.0,?,3.75,4.15,481,311,1000.0,67,39.5
2021-05-09,?,VXRT,7.2,60.07,7.5,2022-01-21,316.0,?,2.92,3.4,1240,781,750.0,256,42.13
2021-05-09,?,VXRT,7.2,77.71,10.0,2022-01-21,544.9999999999999,?,5.05,5.85,829,806,1000.0,256,54.5
2021-05-09,?,VXRT,7.2,94.81,15.0,2022-01-21,997.5,?,9.35,10.6,357,274,1500.0,256,66.5
2021-05-09,?,WETF,7.06,48.26,8,2021-09-17,137.5,?,1.3,1.45,250,255,800,130,17.19
2021-05-09,?,WKHS,9.64,476.53,9.0,2021-05-14,47.0,?,0.45,0.49,5255,1594,900.0,4,5.22
2021-05-09,?,WKHS,9.64,662.76,9.5,2021-05-14,69.0,?,0.65,0.73,323,8900,950.0,4,7.26
2021-05-09,?,WKHS,9.64,825.81,10.0,2021-05-14,90.5,?,0.81,1.0,755,506,1000.0,4,9.05
2021-05-09,?,WKHS,9.64,384.91,10.0,2021-05-21,116.00000000000001,?,1.12,1.2,2858,278,1000.0,11,11.6
2021-05-09,?,WKHS,9.64,550.52,11.0,2021-05-21,182.50000000000003,?,1.72,1.9300000000000002,5368,264,1100.0,11,16.59
2021-05-09,?,WKHS,9.64,278.52,20.0,2021-07-16,1022.5,?,9.75,10.7,18595,598,2000.0,67,51.12
2021-05-09,?,WKHS,9.64,75.7,15.0,2021-12-17,687.5,?,6.65,7.1,738,300,1500.0,221,45.83
2021-05-09,?,WKHS,9.64,80.91,20.0,2022-01-21,1135.0000000000002,?,11.15,11.55,1677,2907,2000.0,256,56.75
2021-05-09,?,XERS,3.25,14.26,1,2022-01-21,10.0,?,0,0.2,480,402,100,256,10.0
2021-05-09,?,ZGNX,18.87,27.33,15,2022-01-21,287.5,?,0.75,5,1042,1002,1500,256,19.17
2021-05-09,?,ADT,9.69,174.2,10,2021-05-21,52.5,?,0.45,0.6000000000000001,1717,4750,1000,11,5.25
2021-05-09,?,ADT,9.69,20.59,9,2022-01-21,129.99999999999997,?,1.2,1.4,470,450,900,256,14.44
2021-05-09,?,AG,16.39,173.95,16.0,2021-05-14,30.500000000000004,?,0.28,0.33,1052,2230,1600.0,4,1.91
2021-05-09,?,AG,16.39,301.4,16.5,2021-05-14,54.50000000000001,?,0.53,0.56,438,604,1650.0,4,3.3
2021-05-09,?,AG,16.39,483.09,17.0,2021-05-14,90.0,?,0.88,0.92,308,311,1700.0,4,5.29
2021-05-09,?,AG,16.39,101.62,16.0,2021-05-21,49.0,?,0.47000000000000003,0.51,2575,466,1600.0,11,3.06
2021-05-09,?,AG,16.39,60.83,16.0,2021-06-18,104.0,?,1.02,1.06,1479,270,1600.0,39,6.5
2021-05-09,?,AHT,2.86,298.64,2.5,2021-05-21,22.5,?,0.2,0.25,12085,580,250.0,11,9.0
2021-05-09,?,AHT,2.86,168.46,2.5,2021-06-18,45.0,?,0.4,0.5,12012,532,250.0,39,18.0
2021-05-09,?,AM,9.28,6.42,5,2022-01-21,22.500000000000004,?,0.1,0.35000000000000003,2685,696,500,256,4.5
2021-05-09,?,AMC,9.51,263.61,9.0,2021-05-14,26.0,?,0.25,0.27,3243,5672,900.0,4,2.89
2021-05-09,?,AMC,9.51,494.67,9.5,2021-05-14,51.5,?,0.51,0.52,1986,4471,950.0,4,5.42
2021-05-09,?,AMC,9.51,771.06,10.0,2021-05-14,84.5,?,0.81,0.88,6273,1629,1000.0,4,8.45
2021-05-09,?,AMC,9.51,1086.31,10.5,2021-05-14,125.0,?,1.18,1.32,639,421,1050.0,4,11.9
2021-05-09,?,AMC,9.51,1725.82,11.5,2021-05-14,217.49999999999997,?,2.01,2.34,809,250,1150.0,4,18.91
2021-05-09,?,AMC,9.51,80.88,8.0,2021-05-21,19.5,?,0.18,0.21,17944,1039,800.0,11,2.44
2021-05-09,?,AMC,9.51,128.82,8.5,2021-05-21,33.0,?,0.31,0.35000000000000003,3857,811,850.0,11,3.88
2021-05-09,?,AMC,9.51,195.4,9.0,2021-05-21,53.0,?,0.51,0.55,3472,8469,900.0,11,5.89
2021-05-09,?,AMC,9.51,281.17,9.5,2021-05-21,80.5,?,0.78,0.8300000000000001,1389,709,950.0,11,8.47
2021-05-09,?,AMC,9.51,379.93,10.0,2021-05-21,114.5,?,1.12,1.17,5641,580,1000.0,11,11.45
2021-05-09,?,AMC,9.51,582.19,11.0,2021-05-21,193.0,?,1.85,2.01,1383,621,1100.0,11,17.55
2021-05-09,?,AMC,9.51,686.72,11.5,2021-05-21,238.0,?,2.3,2.46,962,536,1150.0,11,20.7
2021-05-09,?,AMC,9.51,783.92,12.0,2021-05-21,283.5,?,2.75,2.92,2453,3464,1200.0,11,23.62
2021-05-09,?,AMC,9.51,122.86,8.5,2021-05-28,51.5,?,0.49,0.54,527,384,850.0,18,6.06
2021-05-09,?,AMC,9.51,90.08,8.0,2021-06-18,77.0,?,0.75,0.79,7703,1224,800.0,39,9.62
2021-05-09,?,AMC,9.51,131.03,9.0,2021-06-18,126.0,?,1.25,1.27,15091,538,900.0,39,14.0
2021-05-09,?,AMC,9.51,58.1,10.0,2022-01-21,407.5,?,4.0,4.15,8722,561,1000.0,256,40.75
2021-05-09,?,AMWL,13.93,68.56,20,2021-11-19,725.0,?,7.1,7.4,507,300,2000,193,36.25
2021-05-09,?,APT,8.6,9.66,5,2021-08-20,13.5,?,0.09,0.18,439,730,500,102,2.7
2021-05-09,?,ARLO,6.68,22.81,5,2022-01-21,80.0,?,0.7000000000000001,0.9,784,500,500,256,16.0
2021-05-09,?,ARR,12.31,106.23,15,2021-07-16,292.5,?,2.75,3.1,801,400,1500,67,19.5
2021-05-09,?,ARR,12.31,50.82,15,2021-10-15,330.0,?,2.9,3.7,480,421,1500,158,22.0
2021-05-09,?,AXL,10.48,21.18,9,2021-10-15,82.5,?,0.75,0.9,3013,3000,900,158,9.17
2021-05-09,?,BB,8.48,252.28,8.5,2021-05-14,23.5,?,0.22,0.25,659,1144,850.0,4,2.76
2021-05-09,?,BB,8.48,603.26,9.0,2021-05-14,59.5,?,0.58,0.61,795,2371,900.0,4,6.61
2021-05-09,?,BB,8.48,51.47,8.0,2021-06-18,44.0,?,0.43,0.45,3615,321,800.0,39,5.5
2021-05-09,?,BBD,4.59,157.4,5.5,2021-06-18,92.5,?,0.85,1.0,1422,785,550.0,39,16.82
2021-05-09,?,BBD,4.59,8.41,3.5,2023-01-20,50.0,?,0.45,0.55,400,500,350.0,620,14.29
2021-05-09,?,BBD,4.59,13.08,4.5,2023-01-20,100.0,?,0.9500000000000001,1.05,317,308,450.0,620,22.22
2021-05-09,?,BBD,4.59,12.95,5.0,2023-01-20,110.00000000000001,?,0.45,1.75,17826,6001,500.0,620,22.0
2021-05-09,?,BTU,5.12,165.91,5,2021-05-21,25.0,?,0.2,0.30000000000000004,576,580,500,11,5.0
2021-05-09,?,BTU,5.12,81.98,10,2022-01-21,575.0,?,5.6,5.9,309,300,1000,256,57.5
2021-05-09,?,CSTM,17.17,38.71,15,2021-05-21,17.5,?,0.05,0.30000000000000004,1083,491,1500,11,1.17
2021-05-09,?,CSTM,17.17,26.07,14,2021-06-04,25.0,?,0.0,0.5,2000,2000,1400,25,1.79
2021-05-09,?,CXW,8.14,15.77,7,2023-01-20,187.5,?,1.7000000000000002,2.05,1689,301,700,620,26.79
2021-05-09,?,CYH,15.22,20.74,8,2021-05-21,5.0,?,0,0.1,652,625,800,11,0.62
2021-05-09,?,CYH,15.22,9.36,5,2021-06-18,5.0,?,0,0.1,2023,2000,500,39,1.0
2021-05-09,?,DB,14.14,125.76,16,2021-06-18,215.0,?,1.79,2.51,1812,697,1600,39,13.44
2021-05-09,?,DB,14.14,44.16,17,2021-10-15,325.0,?,3.2,3.3,452,440,1700,158,19.12
2021-05-09,?,DB,14.14,16.29,14,2022-01-21,160.0,?,1.57,1.63,803,510,1400,256,11.43
2021-05-09,?,DBD,13.69,403.71,15.0,2021-05-21,182.50000000000003,?,1.7000000000000002,1.9500000000000002,604,304,1500.0,11,12.17
2021-05-09,?,DBD,13.69,58.03,12.5,2021-06-18,77.5,?,0.7000000000000001,0.85,1274,356,1250.0,39,6.2
2021-05-09,?,DBI,19.35,25.79,20,2022-05-20,530.0,?,4.5,6.1,1513,750,2000,375,26.5
2021-05-09,?,DS,2.8,162.82,5,2021-08-20,227.50000000000003,?,2.2,2.35,2577,452,500,102,45.5
2021-05-09,?,DS,2.8,89.83,5,2021-11-19,237.5,?,2.3,2.45,8293,838,500,193,47.5
2021-05-09,?,DSX,3.98,111.14,4,2021-06-18,47.5,?,0.45,0.5,779,460,400,39,11.88
2021-05-09,?,EDU,14.93,46.79,15.0,2021-06-18,75.0,?,0.7000000000000001,0.8,4104,619,1500.0,39,5.0
2021-05-09,?,EDU,14.93,0.0,115.0,2021-07-16,0.0,?,0.0,0.0,251,250,11500.0,67,0.0
2021-05-09,?,EDU,14.93,0.0,140.0,2021-07-16,0.0,?,0.0,0.0,313,312,14000.0,67,0.0
2021-05-09,?,EDU,14.93,6.53,11.5,2021-10-15,32.5,?,0.25,0.4,492,534,1150.0,158,2.83
2021-05-09,?,EDU,14.93,11.99,13.0,2021-10-15,67.5,?,0.6000000000000001,0.75,1733,1000,1300.0,158,5.19
2021-05-09,?,EDU,14.93,14.55,13.5,2021-10-15,85.00000000000001,?,0.75,0.9500000000000001,1008,1145,1350.0,158,6.3
2021-05-09,?,EDU,14.93,0.0,165.0,2021-12-17,0.0,?,0.0,0.0,364,350,16500.0,221,0.0
2021-05-09,?,EGO,11.15,13.48,9,2021-10-15,52.5,?,0.45,0.6000000000000001,316,600,900,158,5.83
2021-05-09,?,ET,9.84,17.86,9,2021-07-16,29.500000000000004,?,0.24,0.35000000000000003,2327,716,900,67,3.28
2021-05-09,?,ET,9.84,43.31,10,2021-07-16,79.5,?,0.75,0.84,853,341,1000,67,7.95
2021-05-09,?,ET,9.84,9.1,8,2021-10-15,31.500000000000007,?,0.30000000000000004,0.33,4225,735,800,158,3.94
2021-05-09,?,ET,9.84,17.58,9,2021-10-15,68.5,?,0.61,0.76,746,475,900,158,7.61
2021-05-09,?,ET,9.84,10.07,8,2022-01-21,56.49999999999999,?,0.54,0.59,17104,782,800,256,7.06
2021-05-09,?,ET,9.84,21.46,10,2022-01-21,150.5,?,1.4,1.6099999999999999,27174,494,1000,256,15.05
2021-05-09,?,ET,9.84,36.54,12,2022-01-21,307.5,?,2.9,3.25,6246,307,1200,256,25.62
2021-05-09,?,ET,9.84,4.33,7,2023-01-20,51.5,?,0.08,0.9500000000000001,16194,355,700,620,7.36
2021-05-09,?,EURN,9.27,73.74,9,2021-05-21,20.0,?,0.15,0.25,359,382,900,11,2.22
2021-05-09,?,F,11.82,224.32,12.0,2021-05-14,29.500000000000004,?,0.29,0.30000000000000004,4103,6185,1200.0,4,2.46
2021-05-09,?,F,11.82,110.61,12.0,2021-05-21,40.0,?,0.39,0.41000000000000003,28287,581,1200.0,11,3.33
2021-05-09,?,F,11.82,49.37,11.5,2021-05-28,28.000000000000004,?,0.27,0.29,9670,385,1150.0,18,2.43
2021-05-09,?,F,11.82,22.55,11.0,2021-06-18,26.5,?,0.26,0.27,71241,4419,1100.0,39,2.41
2021-05-09,?,F,11.82,53.81,12.0,2021-06-18,69.0,?,0.68,0.7000000000000001,59503,886,1200.0,39,5.75
2021-05-09,?,F,11.82,11.93,10.0,2021-09-17,42.5,?,0.42,0.43,117873,380,1000.0,130,4.25
2021-05-09,?,F,11.82,19.02,11.0,2021-09-17,74.5,?,0.73,0.76,120400,697,1100.0,130,6.77
2021-05-09,?,F,11.82,28.19,12.0,2021-09-17,120.5,?,1.18,1.23,27817,299,1200.0,130,10.04
2021-05-09,?,F,11.82,20.99,12.0,2021-12-17,152.5,?,1.49,1.56,833,551,1200.0,221,12.71
2021-05-09,?,F,11.82,4.37,8.0,2022-01-21,24.5,?,0.23,0.26,634,264,800.0,256,3.06
2021-05-09,?,F,11.82,10.12,10.0,2022-01-21,71.0,?,0.6900000000000001,0.73,74845,668,1000.0,256,7.1
2021-05-09,?,F,11.82,40.99,16.0,2022-01-21,459.99999999999994,?,4.55,4.65,290,250,1600.0,256,28.75
2021-05-09,?,F,11.82,59.17,20.0,2022-01-21,830.0000000000001,?,8.25,8.35,272,300,2000.0,256,41.5
2021-05-09,?,F,11.82,8.27,10.0,2023-01-20,140.5,?,1.28,1.53,49856,456,1000.0,620,14.05
2021-05-09,?,FBP,13.1,14.45,12,2021-12-17,105.0,?,0.9500000000000001,1.15,260,250,1200,221,8.75
2021-05-09,?,FINV,6.49,22.46,5.0,2021-09-17,40.0,?,0.30000000000000004,0.5,6254,511,500.0,130,8.0
2021-05-09,?,FINV,6.49,135.89,12.5,2021-09-17,605.0000000000001,?,5.4,6.7,9132,9129,1250.0,130,48.4
2021-05-09,?,FSM,6.45,50.69,6,2021-06-18,32.50000000000001,?,0.30000000000000004,0.35000000000000003,4486,341,600,39,5.42
2021-05-09,?,FSR,11.28,182.5,10.0,2021-05-14,20.0,?,0.19,0.21,2608,3138,1000.0,4,2.0
2021-05-09,?,FSR,11.28,269.4,10.5,2021-05-14,31.000000000000007,?,0.30000000000000004,0.32,1357,1069,1050.0,4,2.95
2021-05-09,?,FSR,11.28,410.62,11.0,2021-05-14,49.5,?,0.47000000000000003,0.52,1002,874,1100.0,4,4.5
2021-05-09,?,FSR,11.28,563.37,11.5,2021-05-14,71.0,?,0.64,0.78,1299,630,1150.0,4,6.17
2021-05-09,?,FSR,11.28,254.9,11.0,2021-05-21,84.5,?,0.79,0.9,815,372,1100.0,11,7.68
2021-05-09,?,HEXO,7.33,158.8,7,2021-05-21,33.5,?,0.30000000000000004,0.37,3319,512,700,11,4.79
2021-05-09,?,HL,7.28,99.55,7,2021-05-21,21.0,?,0.18,0.24,617,641,700,11,3.0
2021-05-09,?,HL,7.28,59.5,7,2021-06-18,44.5,?,0.41000000000000003,0.48,556,641,700,39,6.36
2021-05-09,?,HPE,16.48,46.66,16,2021-05-21,22.500000000000004,?,0.15,0.30000000000000004,3428,663,1600,11,1.41
2021-05-09,?,HPE,16.48,5.94,13,2021-09-17,27.500000000000004,?,0.2,0.35000000000000003,366,300,1300,130,2.12
2021-05-09,?,HUYA,16.37,33.66,18,2022-01-21,425.0,?,3.9,4.6,378,332,1800,256,23.61
2021-05-09,?,HYLN,9.12,641.01,11,2021-05-21,212.5,?,2.01,2.24,294,303,1100,11,19.32
2021-05-09,?,HYLN,9.12,75.21,14,2021-12-17,637.5,?,6.0,6.75,779,925,1400,221,45.54
2021-05-09,?,HYLN,9.12,110.66,25,2021-12-17,1675.0,?,15.95,17.55,1512,1242,2500,221,67.0
2021-05-09,?,HYLN,9.12,86.97,20,2022-01-21,1220.0,?,11.4,13.0,5296,974,2000,256,61.0
2021-05-09,?,IBIO,1.61,497.73,1.5,2021-05-21,22.5,?,0.2,0.25,3048,3369,150.0,11,15.0
2021-05-09,?,IBIO,1.61,829.55,2.0,2021-05-21,50.0,?,0.45,0.55,352,1240,200.0,11,25.0
2021-05-09,?,IBIO,1.61,202.78,1.5,2021-06-18,32.50000000000001,?,0.30000000000000004,0.35000000000000003,902,417,150.0,39,21.67
2021-05-09,?,IBN,16.68,8.66,14,2022-01-21,85.00000000000001,?,0.75,0.9500000000000001,1769,1029,1400,256,6.07
2021-05-09,?,IGT,18.07,22.08,20,2023-01-20,750.0,?,6.5,8.5,1014,1013,2000,620,37.5
2021-05-09,?,ITUB,5.26,33.18,5.5,2021-09-17,65.0,?,0.54,0.76,1331,300,550.0,130,11.82
2021-05-09,?,ITUB,5.26,45.86,6.0,2021-09-17,98.0,?,0.89,1.07,1988,300,600.0,130,16.33
2021-05-09,?,ITUB,5.26,9.09,4.0,2022-01-21,25.5,?,0.21,0.30000000000000004,18724,2538,400.0,256,6.38
2021-05-09,?,ITUB,5.26,17.25,5.0,2022-01-21,60.5,?,0.53,0.68,48431,1601,500.0,256,12.1
2021-05-09,?,ITUB,5.26,39.92,7.0,2022-01-21,196.0,?,1.55,2.37,72797,14500,700.0,256,28.0
2021-05-09,?,ITUB,5.26,70.65,10.0,2022-01-21,495.5,?,2.51,7.4,33655,1000,1000.0,256,49.55
2021-05-09,?,ITUB,5.26,8.9,4.0,2023-01-20,60.5,?,0.46,0.75,3526,3000,400.0,620,15.12
2021-05-09,?,ITUB,5.26,28.43,10.0,2023-01-20,483.0,?,2.91,6.75,1041,1000,1000.0,620,48.3
2021-05-09,?,KLR,12.28,2142.6,35,2021-05-21,2260.0,?,22.3,22.9,1330,347,3500,11,64.57
2021-05-09,?,KMI,17.84,7.98,16,2021-09-17,45.5,?,0.44,0.47000000000000003,1047,684,1600,130,2.84
2021-05-09,?,KMI,17.84,12.96,17,2021-09-17,78.5,?,0.76,0.81,851,1555,1700,130,4.62
2021-05-09,?,KODK,7.28,603.65,20,2021-06-18,1290.0,?,12.8,13,963,376,2000,39,64.5
2021-05-09,?,MBI,9.94,7.09,6,2021-11-19,22.500000000000004,?,0.15,0.30000000000000004,500,400,600,193,3.75
2021-05-09,?,MGY,12.32,8.42,7.5,2021-09-17,22.500000000000004,?,0.15,0.30000000000000004,930,300,750.0,130,3.0
2021-05-09,?,MOD,17.01,16.71,15,2021-11-19,132.50000000000003,?,1.1,1.55,3563,335,1500,193,8.83
2021-05-09,?,MRC,11.67,25.97,10,2021-09-17,92.5,?,0.8,1.05,1754,251,1000,130,9.25
2021-05-09,?,MUFG,5.6,16.1,5,2021-08-20,22.5,?,0.05,0.4,1909,2000,500,102,4.5
2021-05-09,?,MUX,1.3,84.36,3,2022-01-21,177.5,?,1.7000000000000002,1.85,2000,1590,300,256,59.17
2021-05-09,?,NAT,3.42,64.55,5.5,2022-01-21,249.00000000000003,?,0.48,4.5,459,315,550.0,256,45.27
2021-05-09,?,NG,9.62,14.35,8,2023-01-20,195.00000000000003,?,1.3,2.6,493,300,800,620,24.38
2021-05-09,?,NLS,16.91,138.26,15.0,2021-05-21,62.5,?,0.55,0.7000000000000001,3098,659,1500.0,11,4.17
2021-05-09,?,NLS,16.91,6.93,5.0,2021-10-15,15.000000000000002,?,0.0,0.30000000000000004,300,300,500.0,158,3.0
2021-05-09,?,NLS,16.91,21.67,12.5,2022-01-21,190.0,?,1.8,2.0,2912,310,1250.0,256,15.2
2021-05-09,?,NOK,5.1,44.92,5.0,2021-06-18,24.0,?,0.23,0.25,12011,942,500.0,39,4.8
2021-05-09,?,NOK,5.1,14.97,4.5,2021-09-17,24.0,?,0.22,0.26,2230,271,450.0,130,5.33
2021-05-09,?,NOK,5.1,25.83,5.0,2021-09-17,46.0,?,0.44,0.48,1025,431,500.0,130,9.2
2021-05-09,?,NOK,5.1,7.84,4.0,2022-01-21,22.0,?,0.2,0.24,113429,398,400.0,256,5.5
2021-05-09,?,NOK,5.1,45.01,7.0,2022-01-21,221.0,?,2.17,2.25,31736,312,700.0,256,31.57
2021-05-09,?,NRZ,10.59,978.86,15,2021-05-21,442.50000000000006,?,4.2,4.65,716,716,1500,11,29.5
2021-05-09,?,PBF,16.63,150.36,16,2021-05-21,72.50000000000001,?,0.65,0.8,278,439,1600,11,4.53
2021-05-09,?,PBF,16.63,5.7,5,2022-01-21,20.0,?,0.1,0.30000000000000004,1727,1035,500,256,4.0
2021-05-09,?,PBF,16.63,49.06,3,2023-01-20,250.0,?,0.0,5.0,316,833,300,620,83.33
2021-05-09,?,PBI,7.68,11.41,5,2022-01-21,40.0,?,0.35000000000000003,0.45,8270,6825,500,256,8.0
2021-05-09,?,PBR,9.07,117.98,9,2021-05-21,32.00000000000001,?,0.30000000000000004,0.34,32249,5864,900,11,3.56
2021-05-09,?,PBR,9.07,1110.31,13,2021-05-21,434.99999999999994,?,4.0,4.7,313,312,1300,11,33.46
2021-05-09,?,PBR,9.07,1365.98,15,2021-05-21,617.5,?,5.5,6.85,1618,513,1500,11,41.17
2021-05-09,?,PBR,9.07,54.59,9,2021-06-18,52.5,?,0.51,0.54,5800,603,900,39,5.83
2021-05-09,?,PBR,9.07,19.41,8,2021-07-16,28.500000000000004,?,0.27,0.30000000000000004,21537,553,800,67,3.56
2021-05-09,?,PBR,9.07,9.74,7,2021-10-15,29.500000000000004,?,0.28,0.31,25686,792,700,158,4.21
2021-05-09,?,PBR,9.07,17.04,8,2021-10-15,59.00000000000001,?,0.5700000000000001,0.61,25906,484,800,158,7.38
2021-05-09,?,PBR,9.07,15.24,8,2022-01-21,85.5,?,0.8300000000000001,0.88,82586,5140,800,256,10.69
2021-05-09,?,PBR,9.07,40.99,12,2022-01-21,345.0,?,3.35,3.55,116495,333,1200,256,28.75
2021-05-09,?,PBR,9.07,9.67,7,2023-01-20,114.99999999999999,?,1.0,1.3,76052,3240,700,620,16.43
2021-05-09,?,PCG,10.94,15.69,10,2021-12-17,95.0,?,0.91,0.99,1541,309,1000,221,9.5
2021-05-09,?,PLTR,19.75,123.46,17.0,2021-05-14,23.0,?,0.22,0.24,1545,2035,1700.0,4,1.35
2021-05-09,?,PLTR,19.75,159.04,17.5,2021-05-14,30.500000000000004,?,0.30000000000000004,0.31,945,4629,1750.0,4,1.74
2021-05-09,?,PLTR,19.75,215.45,18.0,2021-05-14,42.5,?,0.42,0.43,2512,2235,1800.0,4,2.36
2021-05-09,?,PLTR,19.75,283.61,18.5,2021-05-14,57.49999999999999,?,0.56,0.59,2033,1466,1850.0,4,3.11
2021-05-09,?,PLTR,19.75,362.6,19.0,2021-05-14,75.5,?,0.75,0.76,2363,3398,1900.0,4,3.97
2021-05-09,?,PLTR,19.75,456.25,19.5,2021-05-14,97.5,?,0.96,0.99,12088,6346,1950.0,4,5.0
2021-05-09,?,PLTR,19.75,556.62,20.0,2021-05-14,122.0,?,1.21,1.23,9045,10923,2000.0,4,6.1
2021-05-09,?,PLTR,19.75,669.91,20.5,2021-05-14,150.5,?,1.5,1.51,2943,2824,2050.0,4,7.34
2021-05-09,?,PLTR,19.75,799.52,21.0,2021-05-14,184.0,?,1.82,1.8599999999999999,5408,1984,2100.0,4,8.76
2021-05-09,?,PLTR,19.75,925.23,21.5,2021-05-14,217.99999999999997,?,2.15,2.21,3491,698,2150.0,4,10.14
2021-05-09,?,PLTR,19.75,1065.97,22.0,2021-05-14,257.0,?,2.54,2.6,5249,725,2200.0,4,11.68
2021-05-09,?,PLTR,19.75,1200.44,22.5,2021-05-14,296.0,?,2.87,3.05,2254,275,2250.0,4,13.16
2021-05-09,?,PLTR,19.75,1358.83,23.0,2021-05-14,342.5,?,3.35,3.5,2327,288,2300.0,4,14.89
2021-05-09,?,PLTR,19.75,1653.91,24.0,2021-05-14,434.99999999999994,?,4.3,4.4,1608,609,2400.0,4,18.12
2021-05-09,?,PLTR,19.75,1934.5,25.0,2021-05-14,530.0,?,5.25,5.35,1080,252,2500.0,4,21.2
2021-05-09,?,PLTR,19.75,66.36,17.0,2021-05-21,34.0,?,0.33,0.35000000000000003,1249,1011,1700.0,11,2.0
2021-05-09,?,PLTR,19.75,84.38,17.5,2021-05-21,44.5,?,0.44,0.45,9829,6853,1750.0,11,2.54
2021-05-09,?,PLTR,19.75,106.92,18.0,2021-05-21,58.00000000000001,?,0.5700000000000001,0.59,11892,1902,1800.0,11,3.22
2021-05-09,?,PLTR,19.75,132.73,18.5,2021-05-21,74.0,?,0.73,0.75,14410,2075,1850.0,11,4.0
2021-05-09,?,PLTR,19.75,163.29,19.0,2021-05-21,93.5,?,0.92,0.9500000000000001,15878,2847,1900.0,11,4.92
2021-05-09,?,PLTR,19.75,199.09,19.5,2021-05-21,117.0,?,1.15,1.19,2749,1194,1950.0,11,6.0
2021-05-09,?,PLTR,19.75,238.08,20.0,2021-05-21,143.5,?,1.42,1.45,30916,5045,2000.0,11,7.17
2021-05-09,?,PLTR,19.75,279.21,20.5,2021-05-21,172.5,?,1.71,1.74,4004,493,2050.0,11,8.41
2021-05-09,?,PLTR,19.75,323.13,21.0,2021-05-21,204.5,?,2.03,2.06,17767,1232,2100.0,11,9.74
2021-05-09,?,PLTR,19.75,423.82,22.0,2021-05-21,281.0,?,2.7800000000000002,2.84,22364,580,2200.0,11,12.77
2021-05-09,?,PLTR,19.75,471.92,22.5,2021-05-21,320.0,?,3.15,3.25,2637,304,2250.0,11,14.22
2021-05-09,?,PLTR,19.75,519.37,23.0,2021-05-21,359.99999999999994,?,3.55,3.65,23088,654,2300.0,11,15.65
2021-05-09,?,PLTR,19.75,716.73,25.0,2021-05-21,540.0,?,5.35,5.45,26950,265,2500.0,11,21.6
2021-05-09,?,PLTR,19.75,810.4,26.0,2021-05-21,635.0,?,6.3,6.4,18126,267,2600.0,11,24.42
2021-05-09,?,PLTR,19.75,33.59,16.0,2021-05-28,26.5,?,0.25,0.28,468,291,1600.0,18,1.66
2021-05-09,?,PLTR,19.75,79.42,18.0,2021-05-28,70.5,?,0.6900000000000001,0.72,390,305,1800.0,18,3.92
2021-05-09,?,PLTR,19.75,115.26,19.0,2021-05-28,108.0,?,1.06,1.1,809,280,1900.0,18,5.68
2021-05-09,?,PLTR,19.75,137.26,19.5,2021-05-28,131.99999999999997,?,1.28,1.3599999999999999,1185,1001,1950.0,18,6.77
2021-05-09,?,PLTR,19.75,160.19,20.0,2021-05-28,158.0,?,1.55,1.6099999999999999,2177,820,2000.0,18,7.9
2021-05-09,?,PLTR,19.75,18.09,15.0,2021-06-18,29.000000000000004,?,0.28,0.30000000000000004,3314,900,1500.0,39,1.93
2021-05-09,?,PLTR,19.75,26.32,16.0,2021-06-18,45.0,?,0.43,0.47000000000000003,1599,315,1600.0,39,2.81
2021-05-09,?,PLTR,19.75,37.16,17.0,2021-06-18,67.5,?,0.66,0.6900000000000001,4292,1979,1700.0,39,3.97
2021-05-09,?,PLTR,19.75,52.51,18.0,2021-06-18,101.0,?,0.99,1.03,7738,1260,1800.0,39,5.61
2021-05-09,?,PLTR,19.75,69.95,19.0,2021-06-18,142.0,?,1.4,1.44,15586,1531,1900.0,39,7.47
2021-05-09,?,PLTR,19.75,90.31,20.0,2021-06-18,193.0,?,1.92,1.94,45387,2957,2000.0,39,9.65
2021-05-09,?,PLTR,19.75,16.7,15.0,2021-08-20,70.0,?,0.64,0.76,4493,1103,1500.0,102,4.67
2021-05-09,?,PLTR,19.75,26.94,17.0,2021-08-20,128.0,?,1.26,1.3,2500,260,1700.0,102,7.53
2021-05-09,?,PLTR,19.75,34.09,18.0,2021-08-20,171.5,?,1.67,1.76,19070,680,1800.0,102,9.53
2021-05-09,?,PLTR,19.75,40.87,19.0,2021-08-20,217.0,?,2.14,2.2,26809,478,1900.0,102,11.42
2021-05-09,?,PLTR,19.75,49.38,20.0,2021-08-20,276.0,?,2.71,2.81,29605,622,2000.0,102,13.8
2021-05-09,?,PLTR,19.75,18.5,16.0,2021-11-19,156.5,?,1.53,1.6,8418,334,1600.0,193,9.78
2021-05-09,?,PLTR,19.75,21.86,17.0,2021-11-19,196.5,?,1.9300000000000002,2.0,11222,564,1700.0,193,11.56
2021-05-09,?,PLTR,19.75,34.04,20.0,2021-11-19,359.99999999999994,?,3.55,3.65,22920,1329,2000.0,193,18.0
2021-05-09,?,PLTR,19.75,54.28,25.0,2021-11-19,717.5,?,7.1,7.25,16189,430,2500.0,193,28.7
2021-05-09,?,PLTR,19.75,13.26,15.0,2022-01-21,139.5,?,1.22,1.57,19655,408,1500.0,256,9.3
2021-05-09,?,PLTR,19.75,21.47,17.5,2022-01-21,263.5,?,2.58,2.69,31689,1282,1750.0,256,15.06
2021-05-09,?,PLTR,19.75,28.87,20.0,2022-01-21,405.0,?,4.0,4.1,31860,353,2000.0,256,20.25
2021-05-09,?,PLTR,19.75,35.0,22.0,2022-01-21,540.0,?,5.35,5.45,18389,1025,2200.0,256,24.55
2021-05-09,?,PLTR,19.75,43.63,25.0,2022-01-21,765.0,?,7.6,7.7,12800,251,2500.0,256,30.6
2021-05-09,?,PLTR,19.75,14.46,15.0,2022-06-17,239.5,?,2.34,2.45,8136,829,1500.0,403,15.97
2021-05-09,?,PLTR,19.75,10.36,12.5,2023-01-20,220.00000000000003,?,2.1,2.3,4475,295,1250.0,620,17.6
2021-05-09,?,PLTR,19.75,27.53,27.0,2023-01-20,1262.5,?,11.25,14.0,4500,307,2700.0,620,46.76
2021-05-09,?,PLTR,19.75,33.53,37.0,2023-01-20,2107.5,?,19.65,22.5,662,333,3700.0,620,56.96
2021-05-09,?,QD,1.97,0.0,7,2021-06-18,0.0,?,0,0,1026,1025,700,39,0.0
2021-05-09,?,RKT,18.09,125.14,17.5,2021-05-14,24.0,?,0.23,0.25,558,917,1750.0,4,1.37
2021-05-09,?,RKT,18.09,233.19,18.0,2021-05-14,46.0,?,0.44,0.48,2284,2258,1800.0,4,2.56
2021-05-09,?,RKT,18.09,397.06,18.5,2021-05-14,80.5,?,0.77,0.84,950,994,1850.0,4,4.35
2021-05-09,?,RKT,18.09,573.91,19.0,2021-05-14,119.49999999999999,?,1.17,1.22,1926,1381,1900.0,4,6.29
2021-05-09,?,RKT,18.09,762.76,19.5,2021-05-14,163.0,?,1.58,1.6800000000000002,3736,445,1950.0,4,8.36
2021-05-09,?,RKT,18.09,974.09,20.0,2021-05-14,213.50000000000003,?,1.99,2.2800000000000002,1701,1310,2000.0,4,10.68
2021-05-09,?,RKT,18.09,1119.48,20.5,2021-05-14,251.49999999999997,?,2.31,2.7199999999999998,1116,292,2050.0,4,12.27
2021-05-09,?,RKT,18.09,1288.36,21.0,2021-05-14,296.5,?,2.83,3.1,6336,268,2100.0,4,14.12
2021-05-09,?,RKT,18.09,49.77,17.0,2021-05-21,25.5,?,0.25,0.26,1056,515,1700.0,11,1.5
2021-05-09,?,RKT,18.09,82.48,17.5,2021-05-21,43.5,?,0.42,0.45,900,547,1750.0,11,2.49
2021-05-09,?,RKT,18.09,126.28,18.0,2021-05-21,68.5,?,0.68,0.6900000000000001,3942,1538,1800.0,11,3.81
2021-05-09,?,RKT,18.09,179.36,18.5,2021-05-21,100.0,?,0.99,1.01,704,1047,1850.0,11,5.41
2021-05-09,?,RKT,18.09,240.13,19.0,2021-05-21,137.5,?,1.35,1.4,6607,871,1900.0,11,7.24
2021-05-09,?,RKT,18.09,366.66,20.0,2021-05-21,221.0,?,2.17,2.25,3920,554,2000.0,11,11.05
2021-05-09,?,RKT,18.09,94.07,18.0,2021-05-28,83.5,?,0.77,0.9,265,355,1800.0,18,4.64
2021-05-09,?,RKT,18.09,24.96,15.0,2021-06-18,40.0,?,0.34,0.46,7639,321,1500.0,39,2.67
2021-05-09,?,RKT,18.09,20.91,15.89,2021-06-18,35.5,?,0.33,0.38,1547,678,1589.0,39,2.23
2021-05-09,?,RKT,18.09,35.74,16.89,2021-06-18,64.5,?,0.61,0.68,2259,789,1689.0,39,3.82
2021-05-09,?,RKT,18.09,60.42,17.89,2021-06-18,115.49999999999999,?,1.13,1.18,3461,906,1789.0,39,6.46
2021-05-09,?,RKT,18.09,86.7,18.89,2021-06-18,175.0,?,1.72,1.78,9957,1047,1889.0,39,9.26
2021-05-09,?,RKT,18.09,27.01,16.89,2021-09-17,162.5,?,1.6099999999999999,1.6400000000000001,7447,627,1689.0,130,9.62
2021-05-09,?,RKT,18.09,34.37,17.89,2021-09-17,219.0,?,2.15,2.23,702,841,1789.0,130,12.24
2021-05-09,?,RKT,18.09,14.54,15.0,2022-01-21,153.0,?,1.51,1.55,480,1556,1500.0,256,10.2
2021-05-09,?,RLGY,17.95,8.98,12.5,2021-09-17,40.0,?,0.30000000000000004,0.5,1254,1052,1250.0,130,3.2
2021-05-09,?,RPT,12.98,24.71,12.5,2021-09-17,110.00000000000001,?,0.9500000000000001,1.25,462,337,1250.0,130,8.8
2021-05-09,?,RWT,11.29,8.44,7.5,2023-01-20,107.5,?,0.9500000000000001,1.2,5366,1059,750.0,620,14.33
2021-05-09,?,SAN,3.91,425.05,6.0,2021-06-18,272.5,?,2.5,2.95,395,516,600.0,39,45.42
2021-05-09,?,SAN,3.91,9.17,3.5,2022-01-21,22.5,?,0.2,0.25,713,488,350.0,256,6.43
2021-05-09,?,SBSW,19.37,88.94,30,2021-10-15,1155.0,?,11.3,11.8,373,359,3000,158,38.5
2021-05-09,?,SBSW,19.37,107.59,35,2021-10-15,1630.0,?,16.0,16.6,276,268,3500,158,46.57
2021-05-09,?,SID,9.77,16.0,8,2021-12-17,77.5,?,0.7000000000000001,0.85,275,274,800,221,9.69
2021-05-09,?,SKT,17.59,46.79,17,2021-06-18,85.00000000000001,?,0.8,0.9,19413,263,1700,39,5.0
2021-05-09,?,SKT,17.59,2.45,3,2023-01-20,12.5,?,0.0,0.25,1499,1176,300,620,4.17
2021-05-09,?,SKT,17.59,4.12,5,2023-01-20,35.0,?,0.1,0.6000000000000001,546,504,500,620,7.0
2021-05-09,?,SLCA,11.97,90.5,11,2021-05-21,30.000000000000004,?,0.2,0.4,4431,863,1100,11,2.73
2021-05-09,?,SOGO,8.46,4.28,7.5,2022-01-21,22.5,?,0.2,0.25,5188,532,750.0,256,3.0
2021-05-09,?,SOS,3.91,798.44,4,2021-05-14,35.0,?,0.30000000000000004,0.4,952,892,400,4,8.75
2021-05-09,?,SOS,3.91,2098.75,5,2021-05-14,114.99999999999999,?,1.1,1.2,334,280,500,4,23.0
2021-05-09,?,SOS,3.91,269.58,15,2021-08-20,1130.0,?,11.2,11.4,669,491,1500,102,75.33
2021-05-09,?,SPCE,19.61,123.46,17,2021-05-14,23.0,?,0.21,0.25,690,1290,1700,4,1.35
2021-05-09,?,SPCE,19.61,223.06,18,2021-05-14,44.00000000000001,?,0.41000000000000003,0.47000000000000003,581,1651,1800,4,2.44
2021-05-09,?,SPCE,19.61,381.81,19,2021-05-14,79.5,?,0.77,0.8200000000000001,777,1641,1900,4,4.18
2021-05-09,?,SPCE,19.61,611.38,20,2021-05-14,134.0,?,1.3,1.38,968,853,2000,4,6.7
2021-05-09,?,SPCE,19.61,70.27,17,2021-05-21,36.0,?,0.35000000000000003,0.37,4456,1375,1700,11,2.12
2021-05-09,?,SPCE,19.61,119.82,18,2021-05-21,65.0,?,0.62,0.68,2638,256,1800,11,3.61
2021-05-09,?,SPCE,19.61,185.99,19,2021-05-21,106.5,?,1.03,1.1,1790,610,1900,11,5.61
2021-05-09,?,SPCE,19.61,272.09,20,2021-05-21,164.0,?,1.63,1.65,3580,451,2000,11,8.2
2021-05-09,?,SPCE,19.61,185.03,20,2021-05-28,182.5,?,1.6400000000000001,2.01,318,354,2000,18,9.12
2021-05-09,?,SPCE,19.61,120.03,20,2021-06-18,256.50000000000006,?,2.56,2.5700000000000003,2915,252,2000,39,12.83
2021-05-09,?,SPCE,19.61,78.42,40,2022-01-21,2200.0,?,21.5,22.5,1569,1478,4000,256,55.0
2021-05-09,?,SPCE,19.61,98.14,60,2022-01-21,4130.0,?,40.95,41.65,3595,2056,6000,256,68.83
2021-05-09,?,SRG,16.69,37.86,18,2021-10-15,295.0,?,2.6,3.3,326,300,1800,158,16.39
2021-05-09,?,STNG,19.63,4.73,11,2021-10-15,22.500000000000004,?,0.15,0.30000000000000004,307,300,1100,158,2.05
2021-05-09,?,STNG,19.63,26.63,18,2021-10-15,207.50000000000003,?,1.85,2.3,508,505,1800,158,11.53
2021-05-09,?,TEVA,10.4,41.54,13,2021-12-17,327.0,?,1.54,5.0,1060,300,1300,221,25.15
2021-05-09,?,TEVA,10.4,30.22,13,2022-01-21,275.5,?,0.91,4.6,630,611,1300,256,21.19
2021-05-09,?,TEVA,10.4,5.76,7,2023-01-20,68.5,?,0.62,0.75,6616,475,700,620,9.79
2021-05-09,?,TGB,2.39,40.26,2,2021-08-20,22.500000000000004,?,0.15,0.30000000000000004,1478,346,200,102,11.25
2021-05-09,?,TME,16.07,101.69,15.5,2021-05-21,47.5,?,0.45,0.5,682,567,1550.0,11,3.06
2021-05-09,?,TME,16.07,36.81,15.0,2021-06-18,59.00000000000001,?,0.5700000000000001,0.61,1178,324,1500.0,39,3.93
2021-05-09,?,TME,16.07,59.66,16.0,2021-06-18,102.0,?,0.99,1.05,4709,472,1600.0,39,6.38
2021-05-09,?,TME,16.07,28.51,15.0,2021-07-16,78.5,?,0.75,0.8200000000000001,4301,290,1500.0,67,5.23
2021-05-09,?,TME,16.07,24.36,17.0,2022-01-21,290.5,?,2.84,2.9699999999999998,16840,561,1700.0,256,17.09
2021-05-09,?,TME,16.07,10.97,15.0,2023-01-20,279.5,?,2.59,3.0,615,4059,1500.0,620,18.63
2021-05-09,?,TWI,11.29,10.9,7.5,2021-07-16,15.000000000000002,?,0.1,0.2,1597,1000,750.0,67,2.0
2021-05-09,?,UEC,3.34,16.63,1.5,2022-01-21,17.5,?,0.1,0.25,2116,718,150.0,256,11.67
2021-05-09,?,VST,16.05,17.33,15,2021-10-15,112.5,?,1.05,1.2,837,1045,1500,158,7.5
2021-05-09,?,VST,16.05,26.49,5,2023-01-20,225.0,?,0.0,4.5,305,360,500,620,45.0
2021-05-09,?,WMC,3.22,96.95,5,2022-01-21,340.00000000000006,?,1.9,4.9,10149,20110,500,256,68.0
2021-05-09,?,YEXT,13.2,59.46,2.5,2023-01-20,252.5,?,0.05,5.0,720,1434,250.0,620,101.0
2021-05-09,?,YEXT,13.2,5.0,5.0,2023-01-20,42.50000000000001,?,0.35000000000000003,0.5,311,616,500.0,620,8.5
